model,kind,roc_auc,pr_auc,sensitivity,specificity
Rule: puffs in last 24h,rule,0.8247429586912278,0.3981571076204817,0.6363636363636364,0.933786078098472
Rule: PM2.5 24h mean,rule,0.7803845866520458,0.17069436548592676,0.39957716701902746,0.9044460950764007
Logistic regression (all),linear,0.9364841958097179,0.6955488500682383,0.8604651162790697,0.8954796264855688
EHR only,lightgbm,0.7621133191491652,0.13417872000511452,0.2642706131078224,0.9221668081494058
Inhaler history only,lightgbm,0.8349204619486211,0.4560191350998903,0.6881606765327696,0.897124363327674
Wearables (no inhaler),lightgbm,0.9307849633610557,0.6074898572954769,0.8308668076109936,0.9031727504244482
Wearables + inhaler,lightgbm,0.9327939135651138,0.6156932823959582,0.8276955602536998,0.9023238539898133
Wearables + inhaler + air,lightgbm,0.9395931612239184,0.7174789076102366,0.8530655391120507,0.9040216468590832
EHR + wearables + inhaler + air (fused),lightgbm,0.9412436186947454,0.7114822267226845,0.8520084566596194,0.9035971986417657
